{
    "MAE": 840.4184461618669,
    "MSE": 879657.7112612205,
    "R2": -0.00011680465601049406
}