{
    "MAE": 863.7867422802958,
    "MSE": 913726.7584024296,
    "R2": -0.0002879057976967747,
    "Best_Params": {
        "Learning_Rate": 0.01,
        "Neurons": 72,
        "Dropout": 0.4882360346157509
    }
}