{
    "MAE": 864.7858136020263,
    "MSE": 914148.0410636533,
    "R2": -0.0007490983227809167,
    "Best_Params": {
        "Learning_Rate": 0.01,
        "Neurons": 123,
        "Dropout": 0.14576174498654793
    }
}